timestamp,topic,message
1707346571,topic/9,Message 0
1707346571,topic/10,Message 1
1707346571,topic/6,Message 2
1707346571,topic/1,Message 3
1707346571,topic/6,Message 4
1707346571,topic/7,Message 5
1707346571,topic/10,Message 6
1707346571,topic/9,Message 7
1707346571,topic/6,Message 8
1707346571,topic/5,Message 9
1707346571,topic/1,Message 10
1707346571,topic/10,Message 11
1707346571,topic/5,Message 12
1707346571,topic/10,Message 13
1707346571,topic/10,Message 14
1707346571,topic/1,Message 15
1707346571,topic/5,Message 16
1707346571,topic/5,Message 17
1707346571,topic/7,Message 18
1707346571,topic/2,Message 19
1707346571,topic/7,Message 20
1707346571,topic/10,Message 21
1707346571,topic/2,Message 22
1707346571,topic/2,Message 23
1707346571,topic/10,Message 24
1707346571,topic/7,Message 25
1707346571,topic/9,Message 26
1707346571,topic/5,Message 27
1707346571,topic/4,Message 28
1707346571,topic/2,Message 29
1707346571,topic/7,Message 30
1707346571,topic/8,Message 31
1707346571,topic/3,Message 32
1707346571,topic/10,Message 33
1707346571,topic/5,Message 34
1707346571,topic/1,Message 35
1707346571,topic/6,Message 36
1707346571,topic/3,Message 37
1707346571,topic/4,Message 38
1707346571,topic/3,Message 39
1707346571,topic/4,Message 40
1707346571,topic/1,Message 41
1707346571,topic/1,Message 42
1707346571,topic/8,Message 43
1707346571,topic/8,Message 44
1707346571,topic/9,Message 45
1707346571,topic/6,Message 46
1707346571,topic/3,Message 47
1707346571,topic/5,Message 48
1707346571,topic/8,Message 49
1707346571,topic/1,Message 50
1707346571,topic/7,Message 51
1707346571,topic/3,Message 52
1707346571,topic/3,Message 53
1707346571,topic/3,Message 54
1707346571,topic/3,Message 55
1707346571,topic/2,Message 56
1707346571,topic/2,Message 57
1707346571,topic/4,Message 58
1707346571,topic/3,Message 59
1707346571,topic/6,Message 60
1707346571,topic/8,Message 61
1707346571,topic/2,Message 62
1707346571,topic/2,Message 63
1707346571,topic/9,Message 64
1707346571,topic/7,Message 65
1707346571,topic/4,Message 66
1707346571,topic/3,Message 67
1707346571,topic/10,Message 68
1707346571,topic/7,Message 69
1707346571,topic/7,Message 70
1707346571,topic/6,Message 71
1707346571,topic/4,Message 72
1707346571,topic/4,Message 73
1707346571,topic/1,Message 74
1707346571,topic/7,Message 75
1707346571,topic/3,Message 76
1707346571,topic/6,Message 77
1707346571,topic/4,Message 78
1707346571,topic/3,Message 79
1707346571,topic/2,Message 80
1707346571,topic/10,Message 81
1707346571,topic/10,Message 82
1707346571,topic/4,Message 83
1707346571,topic/7,Message 84
1707346571,topic/6,Message 85
1707346571,topic/7,Message 86
1707346571,topic/2,Message 87
1707346571,topic/8,Message 88
1707346571,topic/10,Message 89
1707346571,topic/6,Message 90
1707346571,topic/8,Message 91
1707346571,topic/4,Message 92
1707346571,topic/4,Message 93
1707346571,topic/1,Message 94
1707346571,topic/3,Message 95
1707346571,topic/5,Message 96
1707346571,topic/5,Message 97
1707346571,topic/1,Message 98
1707346571,topic/10,Message 99
1707346571,topic/6,Message 100
1707346571,topic/9,Message 101
1707346571,topic/8,Message 102
1707346571,topic/6,Message 103
1707346571,topic/8,Message 104
1707346571,topic/5,Message 105
1707346571,topic/8,Message 106
1707346571,topic/3,Message 107
1707346571,topic/5,Message 108
1707346571,topic/3,Message 109
1707346571,topic/1,Message 110
1707346571,topic/4,Message 111
1707346571,topic/7,Message 112
1707346571,topic/8,Message 113
1707346571,topic/5,Message 114
1707346571,topic/9,Message 115
1707346571,topic/7,Message 116
1707346571,topic/9,Message 117
1707346571,topic/2,Message 118
1707346571,topic/1,Message 119
1707346571,topic/5,Message 120
1707346571,topic/9,Message 121
1707346571,topic/1,Message 122
1707346571,topic/4,Message 123
1707346571,topic/5,Message 124
1707346571,topic/2,Message 125
1707346571,topic/5,Message 126
1707346571,topic/9,Message 127
1707346571,topic/8,Message 128
1707346571,topic/6,Message 129
1707346571,topic/5,Message 130
1707346571,topic/6,Message 131
1707346571,topic/5,Message 132
1707346571,topic/2,Message 133
1707346571,topic/9,Message 134
1707346571,topic/5,Message 135
1707346571,topic/5,Message 136
1707346571,topic/8,Message 137
1707346571,topic/3,Message 138
1707346571,topic/4,Message 139
1707346571,topic/5,Message 140
1707346571,topic/8,Message 141
1707346571,topic/9,Message 142
1707346571,topic/4,Message 143
1707346571,topic/3,Message 144
1707346571,topic/7,Message 145
1707346571,topic/2,Message 146
1707346571,topic/8,Message 147
1707346571,topic/1,Message 148
1707346571,topic/4,Message 149
1707346571,topic/9,Message 150
1707346571,topic/4,Message 151
1707346571,topic/8,Message 152
1707346571,topic/7,Message 153
1707346571,topic/2,Message 154
1707346571,topic/3,Message 155
1707346571,topic/3,Message 156
1707346571,topic/6,Message 157
1707346571,topic/8,Message 158
1707346571,topic/3,Message 159
1707346571,topic/2,Message 160
1707346571,topic/4,Message 161
1707346571,topic/7,Message 162
1707346571,topic/1,Message 163
1707346571,topic/9,Message 164
1707346571,topic/3,Message 165
1707346571,topic/10,Message 166
1707346571,topic/10,Message 167
1707346571,topic/6,Message 168
1707346571,topic/2,Message 169
1707346571,topic/7,Message 170
1707346571,topic/5,Message 171
1707346571,topic/1,Message 172
1707346571,topic/6,Message 173
1707346571,topic/3,Message 174
1707346571,topic/3,Message 175
1707346571,topic/10,Message 176
1707346571,topic/8,Message 177
1707346571,topic/2,Message 178
1707346571,topic/9,Message 179
1707346571,topic/2,Message 180
1707346571,topic/8,Message 181
1707346571,topic/6,Message 182
1707346571,topic/3,Message 183
1707346571,topic/6,Message 184
1707346571,topic/5,Message 185
1707346571,topic/9,Message 186
1707346571,topic/5,Message 187
1707346571,topic/1,Message 188
1707346571,topic/6,Message 189
1707346571,topic/8,Message 190
1707346571,topic/9,Message 191
1707346571,topic/7,Message 192
1707346571,topic/6,Message 193
1707346571,topic/6,Message 194
1707346571,topic/7,Message 195
1707346571,topic/6,Message 196
1707346571,topic/8,Message 197
1707346571,topic/9,Message 198
1707346571,topic/3,Message 199
1707346571,topic/9,Message 200
1707346571,topic/8,Message 201
1707346571,topic/9,Message 202
1707346571,topic/8,Message 203
1707346571,topic/6,Message 204
1707346571,topic/6,Message 205
1707346571,topic/9,Message 206
1707346571,topic/7,Message 207
1707346571,topic/8,Message 208
1707346571,topic/8,Message 209
1707346571,topic/8,Message 210
1707346571,topic/3,Message 211
1707346571,topic/3,Message 212
1707346571,topic/1,Message 213
1707346571,topic/3,Message 214
1707346571,topic/1,Message 215
1707346571,topic/9,Message 216
1707346571,topic/8,Message 217
1707346571,topic/4,Message 218
1707346571,topic/9,Message 219
1707346571,topic/9,Message 220
1707346571,topic/9,Message 221
1707346571,topic/5,Message 222
1707346571,topic/7,Message 223
1707346571,topic/6,Message 224
1707346571,topic/1,Message 225
1707346571,topic/5,Message 226
1707346571,topic/10,Message 227
1707346571,topic/2,Message 228
1707346571,topic/8,Message 229
1707346571,topic/5,Message 230
1707346571,topic/1,Message 231
1707346571,topic/7,Message 232
1707346571,topic/9,Message 233
1707346571,topic/2,Message 234
1707346571,topic/5,Message 235
1707346571,topic/6,Message 236
1707346571,topic/8,Message 237
1707346571,topic/2,Message 238
1707346571,topic/1,Message 239
1707346571,topic/5,Message 240
1707346571,topic/9,Message 241
1707346571,topic/2,Message 242
1707346571,topic/3,Message 243
1707346571,topic/4,Message 244
1707346571,topic/5,Message 245
1707346571,topic/3,Message 246
1707346571,topic/4,Message 247
1707346571,topic/2,Message 248
1707346571,topic/5,Message 249
1707346571,topic/3,Message 250
1707346571,topic/6,Message 251
1707346571,topic/3,Message 252
1707346571,topic/9,Message 253
1707346571,topic/10,Message 254
1707346571,topic/2,Message 255
1707346571,topic/9,Message 256
1707346571,topic/9,Message 257
1707346571,topic/3,Message 258
1707346571,topic/9,Message 259
1707346571,topic/6,Message 260
1707346571,topic/10,Message 261
1707346571,topic/9,Message 262
1707346571,topic/7,Message 263
1707346571,topic/7,Message 264
1707346571,topic/9,Message 265
1707346571,topic/6,Message 266
1707346571,topic/2,Message 267
1707346571,topic/5,Message 268
1707346571,topic/6,Message 269
1707346571,topic/3,Message 270
1707346571,topic/7,Message 271
1707346571,topic/8,Message 272
1707346571,topic/9,Message 273
1707346571,topic/8,Message 274
1707346571,topic/5,Message 275
1707346571,topic/8,Message 276
1707346571,topic/4,Message 277
1707346571,topic/2,Message 278
1707346571,topic/5,Message 279
1707346571,topic/2,Message 280
1707346571,topic/10,Message 281
1707346571,topic/6,Message 282
1707346571,topic/8,Message 283
1707346571,topic/9,Message 284
1707346571,topic/1,Message 285
1707346571,topic/3,Message 286
1707346571,topic/6,Message 287
1707346571,topic/9,Message 288
1707346571,topic/7,Message 289
1707346571,topic/6,Message 290
1707346571,topic/8,Message 291
1707346571,topic/6,Message 292
1707346571,topic/9,Message 293
1707346571,topic/9,Message 294
1707346571,topic/7,Message 295
1707346571,topic/2,Message 296
1707346571,topic/3,Message 297
1707346571,topic/10,Message 298
1707346571,topic/4,Message 299
1707346571,topic/3,Message 300
1707346571,topic/5,Message 301
1707346571,topic/9,Message 302
1707346571,topic/2,Message 303
1707346571,topic/10,Message 304
1707346571,topic/7,Message 305
1707346571,topic/4,Message 306
1707346571,topic/5,Message 307
1707346571,topic/6,Message 308
1707346571,topic/10,Message 309
1707346571,topic/3,Message 310
1707346571,topic/7,Message 311
1707346571,topic/2,Message 312
1707346571,topic/5,Message 313
1707346571,topic/9,Message 314
1707346571,topic/9,Message 315
1707346571,topic/5,Message 316
1707346571,topic/9,Message 317
1707346571,topic/1,Message 318
1707346571,topic/2,Message 319
1707346571,topic/3,Message 320
1707346571,topic/3,Message 321
1707346571,topic/10,Message 322
1707346571,topic/7,Message 323
1707346571,topic/7,Message 324
1707346571,topic/2,Message 325
1707346571,topic/6,Message 326
1707346571,topic/10,Message 327
1707346571,topic/8,Message 328
1707346571,topic/3,Message 329
1707346571,topic/6,Message 330
1707346571,topic/4,Message 331
1707346571,topic/7,Message 332
1707346571,topic/8,Message 333
1707346571,topic/4,Message 334
1707346571,topic/7,Message 335
1707346571,topic/5,Message 336
1707346571,topic/8,Message 337
1707346571,topic/10,Message 338
1707346571,topic/5,Message 339
1707346571,topic/5,Message 340
1707346571,topic/4,Message 341
1707346571,topic/3,Message 342
1707346571,topic/6,Message 343
1707346571,topic/5,Message 344
1707346571,topic/8,Message 345
1707346571,topic/8,Message 346
1707346571,topic/1,Message 347
1707346571,topic/7,Message 348
1707346571,topic/1,Message 349
1707346571,topic/1,Message 350
1707346571,topic/3,Message 351
1707346571,topic/3,Message 352
1707346571,topic/6,Message 353
1707346571,topic/4,Message 354
1707346571,topic/4,Message 355
1707346571,topic/10,Message 356
1707346571,topic/8,Message 357
1707346571,topic/10,Message 358
1707346571,topic/9,Message 359
1707346571,topic/10,Message 360
1707346571,topic/8,Message 361
1707346571,topic/6,Message 362
1707346571,topic/3,Message 363
1707346571,topic/6,Message 364
1707346571,topic/9,Message 365
1707346571,topic/2,Message 366
1707346571,topic/6,Message 367
1707346571,topic/4,Message 368
1707346571,topic/5,Message 369
1707346571,topic/4,Message 370
1707346571,topic/8,Message 371
1707346571,topic/3,Message 372
1707346571,topic/7,Message 373
1707346571,topic/4,Message 374
1707346571,topic/6,Message 375
1707346571,topic/4,Message 376
1707346571,topic/4,Message 377
1707346571,topic/2,Message 378
1707346571,topic/10,Message 379
1707346571,topic/1,Message 380
1707346571,topic/6,Message 381
1707346571,topic/4,Message 382
1707346571,topic/10,Message 383
1707346571,topic/1,Message 384
1707346571,topic/10,Message 385
1707346571,topic/8,Message 386
1707346571,topic/9,Message 387
1707346571,topic/6,Message 388
1707346571,topic/9,Message 389
1707346571,topic/8,Message 390
1707346571,topic/7,Message 391
1707346571,topic/2,Message 392
1707346571,topic/8,Message 393
1707346571,topic/1,Message 394
1707346571,topic/1,Message 395
1707346571,topic/7,Message 396
1707346571,topic/3,Message 397
1707346571,topic/7,Message 398
1707346571,topic/9,Message 399
1707346571,topic/4,Message 400
1707346571,topic/6,Message 401
1707346571,topic/6,Message 402
1707346571,topic/7,Message 403
1707346571,topic/5,Message 404
1707346571,topic/8,Message 405
1707346571,topic/2,Message 406
1707346571,topic/4,Message 407
1707346571,topic/2,Message 408
1707346571,topic/5,Message 409
1707346571,topic/7,Message 410
1707346571,topic/7,Message 411
1707346571,topic/5,Message 412
1707346571,topic/1,Message 413
1707346571,topic/5,Message 414
1707346571,topic/6,Message 415
1707346571,topic/3,Message 416
1707346571,topic/5,Message 417
1707346571,topic/9,Message 418
1707346571,topic/9,Message 419
1707346571,topic/3,Message 420
1707346571,topic/4,Message 421
1707346571,topic/10,Message 422
1707346571,topic/7,Message 423
1707346571,topic/6,Message 424
1707346571,topic/8,Message 425
1707346571,topic/10,Message 426
1707346571,topic/7,Message 427
1707346571,topic/1,Message 428
1707346571,topic/2,Message 429
1707346571,topic/3,Message 430
1707346571,topic/4,Message 431
1707346571,topic/5,Message 432
1707346571,topic/2,Message 433
1707346571,topic/6,Message 434
1707346571,topic/8,Message 435
1707346571,topic/6,Message 436
1707346571,topic/8,Message 437
1707346571,topic/3,Message 438
1707346571,topic/6,Message 439
1707346571,topic/2,Message 440
1707346571,topic/5,Message 441
1707346571,topic/8,Message 442
1707346571,topic/9,Message 443
1707346571,topic/5,Message 444
1707346571,topic/6,Message 445
1707346571,topic/3,Message 446
1707346571,topic/3,Message 447
1707346571,topic/1,Message 448
1707346571,topic/10,Message 449
1707346571,topic/3,Message 450
1707346571,topic/1,Message 451
1707346571,topic/6,Message 452
1707346571,topic/1,Message 453
1707346571,topic/7,Message 454
1707346571,topic/4,Message 455
1707346571,topic/4,Message 456
1707346571,topic/5,Message 457
1707346571,topic/7,Message 458
1707346571,topic/3,Message 459
1707346571,topic/10,Message 460
1707346571,topic/8,Message 461
1707346571,topic/1,Message 462
1707346571,topic/5,Message 463
1707346571,topic/2,Message 464
1707346571,topic/2,Message 465
1707346571,topic/7,Message 466
1707346571,topic/7,Message 467
1707346571,topic/5,Message 468
1707346571,topic/2,Message 469
1707346571,topic/1,Message 470
1707346571,topic/8,Message 471
1707346571,topic/6,Message 472
1707346571,topic/10,Message 473
1707346571,topic/7,Message 474
1707346571,topic/5,Message 475
1707346571,topic/10,Message 476
1707346571,topic/6,Message 477
1707346571,topic/7,Message 478
1707346571,topic/7,Message 479
1707346571,topic/7,Message 480
1707346571,topic/10,Message 481
1707346571,topic/9,Message 482
1707346571,topic/8,Message 483
1707346571,topic/1,Message 484
1707346571,topic/9,Message 485
1707346571,topic/2,Message 486
1707346571,topic/9,Message 487
1707346571,topic/10,Message 488
1707346571,topic/10,Message 489
1707346571,topic/1,Message 490
1707346571,topic/4,Message 491
1707346571,topic/2,Message 492
1707346571,topic/9,Message 493
1707346571,topic/8,Message 494
1707346571,topic/8,Message 495
1707346571,topic/10,Message 496
1707346571,topic/9,Message 497
1707346571,topic/10,Message 498
1707346571,topic/8,Message 499
1707346571,topic/7,Message 500
1707346571,topic/7,Message 501
1707346571,topic/8,Message 502
1707346571,topic/3,Message 503
1707346571,topic/2,Message 504
1707346571,topic/7,Message 505
1707346571,topic/2,Message 506
1707346571,topic/10,Message 507
1707346571,topic/3,Message 508
1707346571,topic/10,Message 509
1707346571,topic/6,Message 510
1707346571,topic/5,Message 511
1707346571,topic/9,Message 512
1707346571,topic/6,Message 513
1707346571,topic/5,Message 514
1707346571,topic/8,Message 515
1707346571,topic/7,Message 516
1707346571,topic/2,Message 517
1707346571,topic/10,Message 518
1707346571,topic/6,Message 519
1707346571,topic/6,Message 520
1707346571,topic/4,Message 521
1707346571,topic/10,Message 522
1707346571,topic/1,Message 523
1707346571,topic/9,Message 524
1707346571,topic/1,Message 525
1707346571,topic/1,Message 526
1707346571,topic/5,Message 527
1707346571,topic/4,Message 528
1707346571,topic/6,Message 529
1707346571,topic/7,Message 530
1707346571,topic/10,Message 531
1707346571,topic/3,Message 532
1707346571,topic/8,Message 533
1707346571,topic/10,Message 534
1707346571,topic/1,Message 535
1707346571,topic/9,Message 536
1707346571,topic/5,Message 537
1707346571,topic/10,Message 538
1707346571,topic/4,Message 539
1707346571,topic/10,Message 540
1707346571,topic/3,Message 541
1707346571,topic/1,Message 542
1707346571,topic/5,Message 543
1707346571,topic/6,Message 544
1707346571,topic/4,Message 545
1707346571,topic/2,Message 546
1707346571,topic/10,Message 547
1707346571,topic/4,Message 548
1707346571,topic/6,Message 549
1707346571,topic/1,Message 550
1707346571,topic/5,Message 551
1707346571,topic/4,Message 552
1707346571,topic/6,Message 553
1707346571,topic/9,Message 554
1707346571,topic/2,Message 555
1707346571,topic/6,Message 556
1707346571,topic/3,Message 557
1707346571,topic/8,Message 558
1707346571,topic/8,Message 559
1707346571,topic/10,Message 560
1707346571,topic/1,Message 561
1707346571,topic/3,Message 562
1707346571,topic/1,Message 563
1707346571,topic/8,Message 564
1707346571,topic/2,Message 565
1707346571,topic/7,Message 566
1707346571,topic/6,Message 567
1707346571,topic/5,Message 568
1707346571,topic/3,Message 569
1707346571,topic/5,Message 570
1707346571,topic/3,Message 571
1707346571,topic/6,Message 572
1707346571,topic/10,Message 573
1707346571,topic/4,Message 574
1707346571,topic/6,Message 575
1707346571,topic/8,Message 576
1707346571,topic/7,Message 577
1707346571,topic/10,Message 578
1707346571,topic/7,Message 579
1707346571,topic/2,Message 580
1707346571,topic/4,Message 581
1707346571,topic/3,Message 582
1707346571,topic/1,Message 583
1707346571,topic/3,Message 584
1707346571,topic/7,Message 585
1707346571,topic/7,Message 586
1707346571,topic/8,Message 587
1707346571,topic/4,Message 588
1707346571,topic/1,Message 589
1707346571,topic/10,Message 590
1707346571,topic/1,Message 591
1707346571,topic/1,Message 592
1707346571,topic/5,Message 593
1707346571,topic/8,Message 594
1707346571,topic/1,Message 595
1707346571,topic/7,Message 596
1707346571,topic/6,Message 597
1707346571,topic/6,Message 598
1707346571,topic/3,Message 599
1707346571,topic/9,Message 600
1707346571,topic/6,Message 601
1707346571,topic/5,Message 602
1707346571,topic/8,Message 603
1707346571,topic/5,Message 604
1707346571,topic/5,Message 605
1707346571,topic/6,Message 606
1707346571,topic/7,Message 607
1707346571,topic/7,Message 608
1707346571,topic/2,Message 609
1707346571,topic/4,Message 610
1707346571,topic/1,Message 611
1707346571,topic/8,Message 612
1707346571,topic/2,Message 613
1707346571,topic/10,Message 614
1707346571,topic/10,Message 615
1707346571,topic/1,Message 616
1707346571,topic/6,Message 617
1707346571,topic/9,Message 618
1707346571,topic/10,Message 619
1707346571,topic/3,Message 620
1707346571,topic/9,Message 621
1707346571,topic/3,Message 622
1707346571,topic/7,Message 623
1707346571,topic/5,Message 624
1707346571,topic/4,Message 625
1707346571,topic/6,Message 626
1707346571,topic/6,Message 627
1707346571,topic/10,Message 628
1707346571,topic/9,Message 629
1707346571,topic/8,Message 630
1707346571,topic/10,Message 631
1707346571,topic/6,Message 632
1707346571,topic/6,Message 633
1707346571,topic/6,Message 634
1707346571,topic/3,Message 635
1707346571,topic/4,Message 636
1707346571,topic/4,Message 637
1707346571,topic/5,Message 638
1707346571,topic/9,Message 639
1707346571,topic/10,Message 640
1707346571,topic/1,Message 641
1707346571,topic/8,Message 642
1707346571,topic/5,Message 643
1707346571,topic/2,Message 644
1707346571,topic/9,Message 645
1707346571,topic/9,Message 646
1707346571,topic/3,Message 647
1707346571,topic/8,Message 648
1707346571,topic/3,Message 649
1707346571,topic/4,Message 650
1707346571,topic/7,Message 651
1707346571,topic/7,Message 652
1707346571,topic/6,Message 653
1707346571,topic/3,Message 654
1707346571,topic/10,Message 655
1707346571,topic/10,Message 656
1707346571,topic/6,Message 657
1707346571,topic/1,Message 658
1707346571,topic/5,Message 659
1707346571,topic/7,Message 660
1707346571,topic/8,Message 661
1707346571,topic/3,Message 662
1707346571,topic/1,Message 663
1707346571,topic/7,Message 664
1707346571,topic/2,Message 665
1707346571,topic/3,Message 666
1707346571,topic/1,Message 667
1707346571,topic/9,Message 668
1707346571,topic/1,Message 669
1707346571,topic/8,Message 670
1707346571,topic/2,Message 671
1707346571,topic/10,Message 672
1707346571,topic/3,Message 673
1707346571,topic/2,Message 674
1707346571,topic/3,Message 675
1707346571,topic/10,Message 676
1707346571,topic/5,Message 677
1707346571,topic/4,Message 678
1707346571,topic/3,Message 679
1707346571,topic/4,Message 680
1707346571,topic/4,Message 681
1707346571,topic/1,Message 682
1707346571,topic/7,Message 683
1707346571,topic/9,Message 684
1707346571,topic/4,Message 685
1707346571,topic/4,Message 686
1707346571,topic/2,Message 687
1707346571,topic/7,Message 688
1707346571,topic/8,Message 689
1707346571,topic/8,Message 690
1707346571,topic/6,Message 691
1707346571,topic/6,Message 692
1707346571,topic/2,Message 693
1707346571,topic/5,Message 694
1707346571,topic/3,Message 695
1707346571,topic/7,Message 696
1707346571,topic/1,Message 697
1707346571,topic/8,Message 698
1707346571,topic/6,Message 699
1707346571,topic/6,Message 700
1707346571,topic/2,Message 701
1707346571,topic/8,Message 702
1707346571,topic/2,Message 703
1707346571,topic/8,Message 704
1707346571,topic/9,Message 705
1707346571,topic/6,Message 706
1707346571,topic/2,Message 707
1707346571,topic/1,Message 708
1707346571,topic/3,Message 709
1707346571,topic/2,Message 710
1707346571,topic/2,Message 711
1707346571,topic/1,Message 712
1707346571,topic/8,Message 713
1707346571,topic/7,Message 714
1707346571,topic/9,Message 715
1707346571,topic/4,Message 716
1707346571,topic/9,Message 717
1707346571,topic/10,Message 718
1707346571,topic/6,Message 719
1707346571,topic/4,Message 720
1707346571,topic/3,Message 721
1707346571,topic/9,Message 722
1707346571,topic/6,Message 723
1707346571,topic/2,Message 724
1707346571,topic/4,Message 725
1707346571,topic/5,Message 726
1707346571,topic/7,Message 727
1707346571,topic/10,Message 728
1707346571,topic/8,Message 729
1707346571,topic/3,Message 730
1707346571,topic/9,Message 731
1707346571,topic/9,Message 732
1707346571,topic/10,Message 733
1707346571,topic/6,Message 734
1707346571,topic/10,Message 735
1707346571,topic/2,Message 736
1707346571,topic/8,Message 737
1707346571,topic/7,Message 738
1707346571,topic/3,Message 739
1707346571,topic/4,Message 740
1707346571,topic/5,Message 741
1707346571,topic/5,Message 742
1707346571,topic/2,Message 743
1707346571,topic/2,Message 744
1707346571,topic/10,Message 745
1707346571,topic/10,Message 746
1707346571,topic/4,Message 747
1707346571,topic/8,Message 748
1707346571,topic/10,Message 749
1707346571,topic/9,Message 750
1707346571,topic/9,Message 751
1707346571,topic/10,Message 752
1707346571,topic/6,Message 753
1707346571,topic/9,Message 754
1707346571,topic/8,Message 755
1707346571,topic/3,Message 756
1707346571,topic/3,Message 757
1707346571,topic/2,Message 758
1707346571,topic/5,Message 759
1707346571,topic/4,Message 760
1707346571,topic/10,Message 761
1707346571,topic/6,Message 762
1707346571,topic/3,Message 763
1707346571,topic/1,Message 764
1707346571,topic/5,Message 765
1707346571,topic/7,Message 766
1707346571,topic/3,Message 767
1707346571,topic/3,Message 768
1707346571,topic/1,Message 769
1707346571,topic/8,Message 770
1707346571,topic/3,Message 771
1707346571,topic/2,Message 772
1707346571,topic/1,Message 773
1707346571,topic/1,Message 774
1707346571,topic/1,Message 775
1707346571,topic/10,Message 776
1707346571,topic/5,Message 777
1707346571,topic/3,Message 778
1707346571,topic/8,Message 779
1707346571,topic/5,Message 780
1707346571,topic/1,Message 781
1707346571,topic/3,Message 782
1707346571,topic/3,Message 783
1707346571,topic/4,Message 784
1707346571,topic/2,Message 785
1707346571,topic/5,Message 786
1707346571,topic/10,Message 787
1707346571,topic/1,Message 788
1707346571,topic/5,Message 789
1707346571,topic/2,Message 790
1707346571,topic/5,Message 791
1707346571,topic/5,Message 792
1707346571,topic/4,Message 793
1707346571,topic/8,Message 794
1707346571,topic/4,Message 795
1707346571,topic/9,Message 796
1707346571,topic/2,Message 797
1707346571,topic/2,Message 798
1707346571,topic/4,Message 799
1707346571,topic/2,Message 800
1707346571,topic/8,Message 801
1707346571,topic/1,Message 802
1707346571,topic/5,Message 803
1707346571,topic/2,Message 804
1707346571,topic/1,Message 805
1707346571,topic/6,Message 806
1707346571,topic/4,Message 807
1707346571,topic/1,Message 808
1707346571,topic/8,Message 809
1707346571,topic/6,Message 810
1707346571,topic/5,Message 811
1707346571,topic/3,Message 812
1707346571,topic/1,Message 813
1707346571,topic/6,Message 814
1707346571,topic/3,Message 815
1707346571,topic/9,Message 816
1707346571,topic/10,Message 817
1707346571,topic/8,Message 818
1707346571,topic/5,Message 819
1707346571,topic/8,Message 820
1707346571,topic/6,Message 821
1707346571,topic/2,Message 822
1707346571,topic/4,Message 823
1707346571,topic/8,Message 824
1707346571,topic/9,Message 825
1707346571,topic/10,Message 826
1707346571,topic/8,Message 827
1707346571,topic/2,Message 828
1707346571,topic/10,Message 829
1707346571,topic/5,Message 830
1707346571,topic/9,Message 831
1707346571,topic/8,Message 832
1707346571,topic/10,Message 833
1707346571,topic/9,Message 834
1707346571,topic/9,Message 835
1707346571,topic/7,Message 836
1707346571,topic/3,Message 837
1707346571,topic/1,Message 838
1707346571,topic/9,Message 839
1707346571,topic/10,Message 840
1707346571,topic/1,Message 841
1707346571,topic/7,Message 842
1707346571,topic/1,Message 843
1707346571,topic/3,Message 844
1707346571,topic/3,Message 845
1707346571,topic/5,Message 846
1707346571,topic/3,Message 847
1707346571,topic/4,Message 848
1707346571,topic/5,Message 849
1707346571,topic/9,Message 850
1707346571,topic/7,Message 851
1707346571,topic/9,Message 852
1707346571,topic/6,Message 853
1707346571,topic/9,Message 854
1707346571,topic/10,Message 855
1707346571,topic/9,Message 856
1707346571,topic/7,Message 857
1707346571,topic/10,Message 858
1707346571,topic/6,Message 859
1707346571,topic/1,Message 860
1707346571,topic/8,Message 861
1707346571,topic/6,Message 862
1707346571,topic/4,Message 863
1707346571,topic/4,Message 864
1707346571,topic/9,Message 865
1707346571,topic/6,Message 866
1707346571,topic/2,Message 867
1707346571,topic/3,Message 868
1707346571,topic/8,Message 869
1707346571,topic/5,Message 870
1707346571,topic/1,Message 871
1707346571,topic/4,Message 872
1707346571,topic/3,Message 873
1707346571,topic/4,Message 874
1707346571,topic/1,Message 875
1707346571,topic/5,Message 876
1707346571,topic/2,Message 877
1707346571,topic/3,Message 878
1707346571,topic/6,Message 879
1707346571,topic/4,Message 880
1707346571,topic/1,Message 881
1707346571,topic/3,Message 882
1707346571,topic/3,Message 883
1707346571,topic/1,Message 884
1707346571,topic/3,Message 885
1707346571,topic/7,Message 886
1707346571,topic/6,Message 887
1707346571,topic/6,Message 888
1707346571,topic/9,Message 889
1707346571,topic/10,Message 890
1707346571,topic/9,Message 891
1707346571,topic/10,Message 892
1707346571,topic/2,Message 893
1707346571,topic/2,Message 894
1707346571,topic/7,Message 895
1707346571,topic/1,Message 896
1707346571,topic/4,Message 897
1707346571,topic/4,Message 898
1707346571,topic/1,Message 899
1707346571,topic/10,Message 900
1707346571,topic/8,Message 901
1707346571,topic/1,Message 902
1707346571,topic/1,Message 903
1707346571,topic/8,Message 904
1707346571,topic/1,Message 905
1707346571,topic/1,Message 906
1707346571,topic/5,Message 907
1707346571,topic/3,Message 908
1707346571,topic/4,Message 909
1707346571,topic/8,Message 910
1707346571,topic/7,Message 911
1707346571,topic/8,Message 912
1707346571,topic/9,Message 913
1707346571,topic/10,Message 914
1707346571,topic/9,Message 915
1707346571,topic/2,Message 916
1707346571,topic/3,Message 917
1707346571,topic/2,Message 918
1707346571,topic/8,Message 919
1707346571,topic/2,Message 920
1707346571,topic/3,Message 921
1707346571,topic/9,Message 922
1707346571,topic/3,Message 923
1707346571,topic/7,Message 924
1707346571,topic/7,Message 925
1707346571,topic/5,Message 926
1707346571,topic/5,Message 927
1707346571,topic/10,Message 928
1707346571,topic/1,Message 929
1707346571,topic/3,Message 930
1707346571,topic/7,Message 931
1707346571,topic/10,Message 932
1707346571,topic/7,Message 933
1707346571,topic/8,Message 934
1707346571,topic/2,Message 935
1707346571,topic/6,Message 936
1707346571,topic/4,Message 937
1707346571,topic/1,Message 938
1707346571,topic/9,Message 939
1707346571,topic/9,Message 940
1707346571,topic/1,Message 941
1707346571,topic/7,Message 942
1707346571,topic/7,Message 943
1707346571,topic/10,Message 944
1707346571,topic/10,Message 945
1707346571,topic/2,Message 946
1707346571,topic/7,Message 947
1707346571,topic/6,Message 948
1707346571,topic/8,Message 949
1707346571,topic/3,Message 950
1707346571,topic/4,Message 951
1707346571,topic/6,Message 952
1707346571,topic/10,Message 953
1707346571,topic/4,Message 954
1707346571,topic/5,Message 955
1707346571,topic/6,Message 956
1707346571,topic/7,Message 957
1707346571,topic/2,Message 958
1707346571,topic/4,Message 959
1707346571,topic/8,Message 960
1707346571,topic/2,Message 961
1707346571,topic/2,Message 962
1707346571,topic/2,Message 963
1707346571,topic/4,Message 964
1707346571,topic/1,Message 965
1707346571,topic/3,Message 966
1707346571,topic/9,Message 967
1707346571,topic/5,Message 968
1707346571,topic/10,Message 969
1707346571,topic/3,Message 970
1707346571,topic/1,Message 971
1707346571,topic/9,Message 972
1707346571,topic/1,Message 973
1707346571,topic/3,Message 974
1707346571,topic/10,Message 975
1707346571,topic/3,Message 976
1707346571,topic/8,Message 977
1707346571,topic/5,Message 978
1707346571,topic/6,Message 979
1707346571,topic/5,Message 980
1707346571,topic/3,Message 981
1707346571,topic/8,Message 982
1707346571,topic/3,Message 983
1707346571,topic/9,Message 984
1707346571,topic/5,Message 985
1707346571,topic/8,Message 986
1707346571,topic/1,Message 987
1707346571,topic/6,Message 988
1707346571,topic/2,Message 989
1707346571,topic/2,Message 990
1707346571,topic/3,Message 991
1707346571,topic/1,Message 992
1707346571,topic/9,Message 993
1707346571,topic/4,Message 994
1707346571,topic/1,Message 995
1707346571,topic/1,Message 996
1707346571,topic/2,Message 997
1707346571,topic/4,Message 998
1707346571,topic/4,Message 999
